# Small Seal Script (小篆) codepoints (Unicode 18.0, U+3D000-U+3FC3F "Seal" block) mapped
# to their modern Han equivalent(s) -- one row per (seal codepoint, modern codepoint) pair,
# so a character with both an original and a simplified/variant spelling gets one row per
# spelling to the SAME seal glyph.  Columns: seal_cp, seal_char, han_char, note.
# Source: LXGW Seal ("霞鹜篆书"), documentation/table.md
#   https://github.com/lxgw/LxgwSeal/blob/v0.001-alpha.7.24/documentation/table.md
#   Retrieved 2026-09-18, tag v0.001-alpha.7.24 (105-character preview).  SIL OFL 1.1 --
#   see web/fonts/LXGW-Seal-OFL.txt, vendored beside the font this table indexes.
3D000	𽀀	一	
3D003	𽀃	天	
3D008	𽀈	上	
3D011	𽀑	下	
3D017	𽀗	禧	
3D01C	𽀜	祥	
3D01E	𽀞	福	
3D066	𽁦	三	
3D08C	𽂌	球	
3D119	𽄙	中	
3D250	𽉐	芒	
3D307	𽌇	春	
3D307	𽌇	萅	
3D320	𽌠	小	
3D323	𽌣	八	
3D324	𽌤	分	
3D3BF	𽎿	和	
3D3BF	𽎿	咊	
3D3DF	𽏟	吉	
3D4EB	𽓫	造	
3D4F9	𽓹	迎	
3D52F	𽔯	連	
3D52F	𽔯	连	
3D67B	𽙻	古	
3D67E	𽙾	十	
3D680	𽚀	千	
3D685	𽚅	廿	
3D68C	𽚌	語	
3D68C	𽚌	语	
3D693	𽚓	許	
3D693	𽚓	许	
3D6BD	𽚽	謹	
3D6BD	𽚽	谨	
3D6F5	𽛵	謝	
3D6F5	𽛵	谢	
3D89C	𽢜	及	
3D8B7	𽢷	事	
3D8C6	𽣆	書	
3D8C6	𽣆	书	
3D9CA	𽧊	相	
3DA13	𽨓	智	
3DA16	𽨖	百	
3DAA3	𽪣	美	
3DAF8	𽫸	鶩	
3DAF8	𽫸	鹜	
3DB3B	𽬻	鳴	
3DB3B	𽬻	鸣	
3DC80	𽲀	初	
3DCB1	𽲱	制	
3DD16	𽴖	篆	
3DDE5	𽷥	可	
3DF02	𽼂	全	
3DF75	𽽵	夏	
3DF75	𽽵	夓	
3E184	𾆄	東	
3E184	𾆄	东	
3E195	𾆕	之	
3E195	𾆕	㞢	
3E1A4	𾆤	南	
3E1B2	𾆲	華	
3E1B2	𾆲	华	
3E1B2	𾆲	䔢	
3E1B2	𾆲	花	
3E1D3	𾇓	國	
3E1D3	𾇓	国	
3E1F6	𾇶	賀	
3E1F6	𾇶	贺	
3E2F3	𾋳	日	
3E32E	𾌮	暑	
3E37E	𾍾	月	
3E38E	𾎎	朙	正篆
3E38F	𾎏	明	古文
3E3D9	𾏙	種	
3E3D9	𾏙	种	
3E421	𾐡	年	
3E421	𾐡	秊	
3E422	𾐢	穀	
3E42A	𾐪	秋	
3E42A	𾐪	秌	
3E4EE	𾓮	寒	
3E657	𾙗	白	
3E66C	𾙬	人	
3E798	𾞘	北	
3E9C6	𾧆	文	
3EA10	𾨐	印	
3EBFE	𾯾	驚	
3EBFE	𾯾	惊	
3ECA3	𾲣	獻	
3ECA3	𾲣	献	
3EDB1	𾶱	大	
3EE0A	𾸊	立	
3EE2F	𾸯	意	
3EE4A	𾹊	慧	
3EE53	𾹓	恭	
3EF5E	𾽞	水	
3EF7A	𾽺	漢	
3EF7A	𾽺	汉	
3F041	𿁁	清	
3F041	𿁁	淸	
3F055	𿁕	滿	
3F055	𿁕	满	
3F1A4	𿆤	冬	
3F1AF	𿆯	雨	
3F1BD	𿆽	雪	
3F1BD	𿆽	䨮	
3F1DC	𿇜	露	
3F1DD	𿇝	霜	
3F1E8	𿇨	霞	
3F27D	𿉽	至	
3F284	𿊄	西	
3F284	𿊄	㢴	
3F49B	𿒛	好	
3F4D2	𿓒	如	
3F7C8	𿟈	蟄	
3F7C8	𿟈	蛰	
3F821	𿠡	風	
3F821	𿠡	风	
3F850	𿡐	二	
3F85A	𿡚	地	
3FA5C	𿩜	處	
3FA5C	𿩜	处	
3FA71	𿩱	新	
3FB0F	𿬏	限	
3FB21	𿬡	降	
3FB70	𿭰	四	
3FB79	𿭹	五	
3FB7B	𿭻	六	
3FB7C	𿭼	七	
3FB7D	𿭽	九	
3FB84	𿮄	萬	
3FB84	𿮄	万	
3FB8D	𿮍	甲	
3FB90	𿮐	乙	
3FB96	𿮖	丙	
3FB97	𿮗	丁	
3FBB5	𿮵	字	
3FBDC	𿯜	午	
